variant,width,dtype,n,run,sort_ms,ns_per_elem,sorted_ok
clang_builtins,1024,int32,134217728,0,175543.6346,1307.9020,1
clang_builtins,1024,int32,134217728,1,175550.9389,1307.9564,1
clang_builtins,1024,int32,134217728,2,175542.1592,1307.8910,1
clang_builtins,1024,int32,134217728,3,175545.5480,1307.9163,1
clang_builtins,1024,int32,134217728,4,175544.6775,1307.9098,1
clang_builtins,1024,int32,134217728,5,175540.4509,1307.8783,1
clang_builtins,1024,int32,134217728,6,175538.7253,1307.8654,1
clang_builtins,1024,int32,134217728,7,175543.7248,1307.9027,1
clang_builtins,1024,int32,134217728,8,175543.7673,1307.9030,1
clang_builtins,1024,int32,134217728,9,175539.4481,1307.8708,1
clang_builtins,1024,int32,134217728,10,175538.1806,1307.8614,1
clang_builtins,1024,int32,134217728,11,175544.9201,1307.9116,1
clang_builtins,1024,int32,134217728,12,175549.0548,1307.9424,1
clang_builtins,1024,int32,134217728,13,175555.7433,1307.9922,1
clang_builtins,1024,int32,134217728,14,175550.7440,1307.9550,1
clang_builtins,1024,double,67108864,0,68148.7503,1015.4955,1
clang_builtins,1024,double,67108864,1,68138.1867,1015.3381,1
clang_builtins,1024,double,67108864,2,68139.2691,1015.3542,1
clang_builtins,1024,double,67108864,3,68136.2663,1015.3095,1
clang_builtins,1024,double,67108864,4,68145.6673,1015.4496,1
clang_builtins,1024,double,67108864,5,68143.1382,1015.4119,1
clang_builtins,1024,double,67108864,6,68145.0940,1015.4410,1
clang_builtins,1024,double,67108864,7,68145.2499,1015.4434,1
clang_builtins,1024,double,67108864,8,68147.6523,1015.4792,1
clang_builtins,1024,double,67108864,9,68140.3743,1015.3707,1
clang_builtins,1024,double,67108864,10,68138.3356,1015.3403,1
clang_builtins,1024,double,67108864,11,68149.0043,1015.4993,1
clang_builtins,1024,double,67108864,12,68132.8752,1015.2590,1
clang_builtins,1024,double,67108864,13,68141.1563,1015.3824,1
clang_builtins,1024,double,67108864,14,68141.2572,1015.3839,1
std_sort,na,int32,134217728,0,15889.3720,118.3850,1
std_sort,na,int32,134217728,1,15889.1359,118.3833,1
std_sort,na,int32,134217728,2,15884.0976,118.3457,1
std_sort,na,int32,134217728,3,15888.9348,118.3818,1
std_sort,na,int32,134217728,4,15886.4674,118.3634,1
std_sort,na,int32,134217728,5,15879.6453,118.3126,1
std_sort,na,int32,134217728,6,15882.3056,118.3324,1
std_sort,na,int32,134217728,7,15889.0350,118.3825,1
std_sort,na,int32,134217728,8,15889.3425,118.3848,1
std_sort,na,int32,134217728,9,15891.6039,118.4017,1
std_sort,na,int32,134217728,10,15889.2305,118.3840,1
std_sort,na,int32,134217728,11,15882.2619,118.3321,1
std_sort,na,int32,134217728,12,15885.9488,118.3595,1
std_sort,na,int32,134217728,13,15881.1883,118.3241,1
std_sort,na,int32,134217728,14,15885.5069,118.3562,1
std_sort,na,double,67108864,0,13488.0202,200.9872,1
std_sort,na,double,67108864,1,13489.5995,201.0107,1
std_sort,na,double,67108864,2,13488.3610,200.9922,1
std_sort,na,double,67108864,3,13489.6414,201.0113,1
std_sort,na,double,67108864,4,13489.9278,201.0156,1
std_sort,na,double,67108864,5,13490.1833,201.0194,1
std_sort,na,double,67108864,6,13491.2802,201.0357,1
std_sort,na,double,67108864,7,13490.4520,201.0234,1
std_sort,na,double,67108864,8,13489.4743,201.0088,1
std_sort,na,double,67108864,9,13490.6470,201.0263,1
std_sort,na,double,67108864,10,13489.6239,201.0111,1
std_sort,na,double,67108864,11,13490.0538,201.0175,1
std_sort,na,double,67108864,12,13489.3070,201.0063,1
std_sort,na,double,67108864,13,13489.8348,201.0142,1
std_sort,na,double,67108864,14,13489.0829,201.0030,1
tsl_fixed,1024,int32,134217728,0,27170.4364,202.4355,1
tsl_fixed,1024,int32,134217728,1,27187.4972,202.5626,1
tsl_fixed,1024,int32,134217728,2,27162.3094,202.3750,1
tsl_fixed,1024,int32,134217728,3,27161.7273,202.3706,1
tsl_fixed,1024,int32,134217728,4,27173.7227,202.4600,1
tsl_fixed,1024,int32,134217728,5,27169.7548,202.4304,1
tsl_fixed,1024,int32,134217728,6,27174.6971,202.4673,1
tsl_fixed,1024,int32,134217728,7,27174.3721,202.4648,1
tsl_fixed,1024,int32,134217728,8,27178.2437,202.4937,1
tsl_fixed,1024,int32,134217728,9,27178.8799,202.4984,1
tsl_fixed,1024,int32,134217728,10,27164.8229,202.3937,1
tsl_fixed,1024,int32,134217728,11,27170.8291,202.4385,1
tsl_fixed,1024,int32,134217728,12,27162.3084,202.3750,1
tsl_fixed,1024,int32,134217728,13,27172.6183,202.4518,1
tsl_fixed,1024,int32,134217728,14,27166.6277,202.4071,1
tsl_fixed,1024,double,67108864,0,23323.0753,347.5409,1
tsl_fixed,1024,double,67108864,1,23317.1526,347.4526,1
tsl_fixed,1024,double,67108864,2,23318.6011,347.4742,1
tsl_fixed,1024,double,67108864,3,23309.5589,347.3395,1
tsl_fixed,1024,double,67108864,4,23316.9859,347.4502,1
tsl_fixed,1024,double,67108864,5,23324.8627,347.5675,1
tsl_fixed,1024,double,67108864,6,23313.3953,347.3967,1
tsl_fixed,1024,double,67108864,7,23322.4639,347.5318,1
tsl_fixed,1024,double,67108864,8,23320.1592,347.4975,1
tsl_fixed,1024,double,67108864,9,23334.7816,347.7153,1
tsl_fixed,1024,double,67108864,10,23311.9121,347.3746,1
tsl_fixed,1024,double,67108864,11,23310.7900,347.3578,1
tsl_fixed,1024,double,67108864,12,23325.0766,347.5707,1
tsl_fixed,1024,double,67108864,13,23304.8414,347.2692,1
tsl_fixed,1024,double,67108864,14,23309.8581,347.3440,1
