variant,width,dtype,n,run,hash_ms,ns_per_elem,ok
clang_builtins,128,u64,67108864,0,24.350,0.3628,1
clang_builtins,128,u64,67108864,1,24.333,0.3626,1
clang_builtins,128,u64,67108864,2,24.305,0.3622,1
clang_builtins,128,u64,67108864,3,24.355,0.3629,1
clang_builtins,128,u64,67108864,4,24.368,0.3631,1
clang_builtins,128,u64,67108864,5,24.315,0.3623,1
clang_builtins,128,u64,67108864,6,24.318,0.3624,1
clang_builtins,128,u64,67108864,7,24.300,0.3621,1
clang_builtins,128,u64,67108864,8,24.312,0.3623,1
clang_builtins,128,u64,67108864,9,24.365,0.3631,1
clang_builtins,128,u64,67108864,10,24.318,0.3624,1
clang_builtins,128,u64,67108864,11,24.253,0.3614,1
clang_builtins,128,u64,67108864,12,24.266,0.3616,1
clang_builtins,128,u64,67108864,13,24.347,0.3628,1
clang_builtins,128,u64,67108864,14,24.230,0.3611,1
clang_builtins,256,u64,67108864,0,24.251,0.3614,1
clang_builtins,256,u64,67108864,1,24.178,0.3603,1
clang_builtins,256,u64,67108864,2,24.238,0.3612,1
clang_builtins,256,u64,67108864,3,24.201,0.3606,1
clang_builtins,256,u64,67108864,4,24.200,0.3606,1
clang_builtins,256,u64,67108864,5,24.199,0.3606,1
clang_builtins,256,u64,67108864,6,24.252,0.3614,1
clang_builtins,256,u64,67108864,7,24.202,0.3606,1
clang_builtins,256,u64,67108864,8,24.195,0.3605,1
clang_builtins,256,u64,67108864,9,24.192,0.3605,1
clang_builtins,256,u64,67108864,10,24.266,0.3616,1
clang_builtins,256,u64,67108864,11,24.235,0.3611,1
clang_builtins,256,u64,67108864,12,24.199,0.3606,1
clang_builtins,256,u64,67108864,13,24.211,0.3608,1
clang_builtins,256,u64,67108864,14,24.187,0.3604,1
clang_builtins,512,u64,67108864,0,24.259,0.3615,1
clang_builtins,512,u64,67108864,1,24.253,0.3614,1
clang_builtins,512,u64,67108864,2,24.239,0.3612,1
clang_builtins,512,u64,67108864,3,24.241,0.3612,1
clang_builtins,512,u64,67108864,4,24.229,0.3610,1
clang_builtins,512,u64,67108864,5,24.305,0.3622,1
clang_builtins,512,u64,67108864,6,24.261,0.3615,1
clang_builtins,512,u64,67108864,7,24.315,0.3623,1
clang_builtins,512,u64,67108864,8,24.283,0.3619,1
clang_builtins,512,u64,67108864,9,24.262,0.3615,1
clang_builtins,512,u64,67108864,10,24.251,0.3614,1
clang_builtins,512,u64,67108864,11,24.267,0.3616,1
clang_builtins,512,u64,67108864,12,24.410,0.3637,1
clang_builtins,512,u64,67108864,13,24.492,0.3650,1
clang_builtins,512,u64,67108864,14,24.312,0.3623,1
native,128,u64,67108864,0,24.452,0.3644,1
native,128,u64,67108864,1,24.382,0.3633,1
native,128,u64,67108864,2,24.358,0.3630,1
native,128,u64,67108864,3,24.459,0.3645,1
native,128,u64,67108864,4,24.376,0.3632,1
native,128,u64,67108864,5,24.395,0.3635,1
native,128,u64,67108864,6,24.364,0.3631,1
native,128,u64,67108864,7,24.377,0.3632,1
native,128,u64,67108864,8,24.418,0.3639,1
native,128,u64,67108864,9,24.374,0.3632,1
native,128,u64,67108864,10,24.430,0.3640,1
native,128,u64,67108864,11,24.358,0.3630,1
native,128,u64,67108864,12,24.417,0.3638,1
native,128,u64,67108864,13,24.413,0.3638,1
native,128,u64,67108864,14,24.340,0.3627,1
native,256,u64,67108864,0,23.696,0.3531,1
native,256,u64,67108864,1,23.624,0.3520,1
native,256,u64,67108864,2,23.650,0.3524,1
native,256,u64,67108864,3,23.615,0.3519,1
native,256,u64,67108864,4,23.631,0.3521,1
native,256,u64,67108864,5,23.590,0.3515,1
native,256,u64,67108864,6,23.636,0.3522,1
native,256,u64,67108864,7,23.634,0.3522,1
native,256,u64,67108864,8,23.617,0.3519,1
native,256,u64,67108864,9,23.617,0.3519,1
native,256,u64,67108864,10,23.631,0.3521,1
native,256,u64,67108864,11,23.636,0.3522,1
native,256,u64,67108864,12,23.613,0.3519,1
native,256,u64,67108864,13,23.657,0.3525,1
native,256,u64,67108864,14,23.649,0.3524,1
native,512,u64,67108864,0,25.632,0.3820,1
native,512,u64,67108864,1,25.599,0.3815,1
native,512,u64,67108864,2,25.583,0.3812,1
native,512,u64,67108864,3,25.575,0.3811,1
native,512,u64,67108864,4,25.558,0.3808,1
native,512,u64,67108864,5,25.571,0.3810,1
native,512,u64,67108864,6,25.612,0.3817,1
native,512,u64,67108864,7,25.584,0.3812,1
native,512,u64,67108864,8,25.519,0.3803,1
native,512,u64,67108864,9,25.578,0.3811,1
native,512,u64,67108864,10,25.552,0.3808,1
native,512,u64,67108864,11,25.572,0.3810,1
native,512,u64,67108864,12,25.529,0.3804,1
native,512,u64,67108864,13,25.600,0.3815,1
native,512,u64,67108864,14,25.583,0.3812,1
scalar,na,u64,67108864,0,24.422,0.3639,1
scalar,na,u64,67108864,1,24.265,0.3616,1
scalar,na,u64,67108864,2,24.280,0.3618,1
scalar,na,u64,67108864,3,24.315,0.3623,1
scalar,na,u64,67108864,4,24.331,0.3626,1
scalar,na,u64,67108864,5,24.226,0.3610,1
scalar,na,u64,67108864,6,24.230,0.3611,1
scalar,na,u64,67108864,7,24.236,0.3611,1
scalar,na,u64,67108864,8,24.234,0.3611,1
scalar,na,u64,67108864,9,24.221,0.3609,1
scalar,na,u64,67108864,10,24.223,0.3609,1
scalar,na,u64,67108864,11,24.292,0.3620,1
scalar,na,u64,67108864,12,24.223,0.3610,1
scalar,na,u64,67108864,13,24.235,0.3611,1
scalar,na,u64,67108864,14,24.228,0.3610,1
simde,128,u64,67108864,0,24.429,0.3640,1
simde,128,u64,67108864,1,24.364,0.3630,1
simde,128,u64,67108864,2,24.440,0.3642,1
simde,128,u64,67108864,3,24.372,0.3632,1
simde,128,u64,67108864,4,24.428,0.3640,1
simde,128,u64,67108864,5,24.437,0.3641,1
simde,128,u64,67108864,6,24.439,0.3642,1
simde,128,u64,67108864,7,24.531,0.3655,1
simde,128,u64,67108864,8,24.424,0.3639,1
simde,128,u64,67108864,9,24.393,0.3635,1
simde,128,u64,67108864,10,24.391,0.3634,1
simde,128,u64,67108864,11,24.385,0.3634,1
simde,128,u64,67108864,12,24.359,0.3630,1
simde,128,u64,67108864,13,24.362,0.3630,1
simde,128,u64,67108864,14,24.372,0.3632,1
simde,256,u64,67108864,0,24.436,0.3641,1
simde,256,u64,67108864,1,24.336,0.3626,1
simde,256,u64,67108864,2,24.373,0.3632,1
simde,256,u64,67108864,3,24.441,0.3642,1
simde,256,u64,67108864,4,24.363,0.3630,1
simde,256,u64,67108864,5,24.339,0.3627,1
simde,256,u64,67108864,6,24.420,0.3639,1
simde,256,u64,67108864,7,24.402,0.3636,1
simde,256,u64,67108864,8,24.390,0.3634,1
simde,256,u64,67108864,9,24.367,0.3631,1
simde,256,u64,67108864,10,24.369,0.3631,1
simde,256,u64,67108864,11,24.360,0.3630,1
simde,256,u64,67108864,12,24.380,0.3633,1
simde,256,u64,67108864,13,24.370,0.3631,1
simde,256,u64,67108864,14,24.352,0.3629,1
simde,512,u64,67108864,0,24.423,0.3639,1
simde,512,u64,67108864,1,24.326,0.3625,1
simde,512,u64,67108864,2,24.434,0.3641,1
simde,512,u64,67108864,3,24.355,0.3629,1
simde,512,u64,67108864,4,24.397,0.3635,1
simde,512,u64,67108864,5,24.518,0.3653,1
simde,512,u64,67108864,6,24.470,0.3646,1
simde,512,u64,67108864,7,24.464,0.3645,1
simde,512,u64,67108864,8,24.478,0.3648,1
simde,512,u64,67108864,9,24.458,0.3645,1
simde,512,u64,67108864,10,24.461,0.3645,1
simde,512,u64,67108864,11,25.142,0.3746,1
simde,512,u64,67108864,12,25.044,0.3732,1
simde,512,u64,67108864,13,24.487,0.3649,1
simde,512,u64,67108864,14,24.373,0.3632,1
simde-novector,128,u64,67108864,0,38.244,0.5699,1
simde-novector,128,u64,67108864,1,38.229,0.5697,1
simde-novector,128,u64,67108864,2,38.269,0.5703,1
simde-novector,128,u64,67108864,3,38.264,0.5702,1
simde-novector,128,u64,67108864,4,38.251,0.5700,1
simde-novector,128,u64,67108864,5,38.257,0.5701,1
simde-novector,128,u64,67108864,6,38.269,0.5703,1
simde-novector,128,u64,67108864,7,38.236,0.5698,1
simde-novector,128,u64,67108864,8,38.279,0.5704,1
simde-novector,128,u64,67108864,9,38.259,0.5701,1
simde-novector,128,u64,67108864,10,38.249,0.5699,1
simde-novector,128,u64,67108864,11,38.254,0.5700,1
simde-novector,128,u64,67108864,12,38.299,0.5707,1
simde-novector,128,u64,67108864,13,38.246,0.5699,1
simde-novector,128,u64,67108864,14,38.263,0.5702,1
simde-novector,256,u64,67108864,0,39.665,0.5911,1
simde-novector,256,u64,67108864,1,39.656,0.5909,1
simde-novector,256,u64,67108864,2,39.725,0.5919,1
simde-novector,256,u64,67108864,3,39.674,0.5912,1
simde-novector,256,u64,67108864,4,39.672,0.5912,1
simde-novector,256,u64,67108864,5,39.659,0.5910,1
simde-novector,256,u64,67108864,6,39.712,0.5917,1
simde-novector,256,u64,67108864,7,39.702,0.5916,1
simde-novector,256,u64,67108864,8,39.675,0.5912,1
simde-novector,256,u64,67108864,9,39.696,0.5915,1
simde-novector,256,u64,67108864,10,39.688,0.5914,1
simde-novector,256,u64,67108864,11,39.684,0.5913,1
simde-novector,256,u64,67108864,12,39.678,0.5913,1
simde-novector,256,u64,67108864,13,39.706,0.5917,1
simde-novector,256,u64,67108864,14,39.694,0.5915,1
simde-novector,512,u64,67108864,0,24.280,0.3618,1
simde-novector,512,u64,67108864,1,24.176,0.3603,1
simde-novector,512,u64,67108864,2,24.222,0.3609,1
simde-novector,512,u64,67108864,3,24.271,0.3617,1
simde-novector,512,u64,67108864,4,24.249,0.3613,1
simde-novector,512,u64,67108864,5,24.192,0.3605,1
simde-novector,512,u64,67108864,6,24.200,0.3606,1
simde-novector,512,u64,67108864,7,24.278,0.3618,1
simde-novector,512,u64,67108864,8,24.282,0.3618,1
simde-novector,512,u64,67108864,9,24.252,0.3614,1
simde-novector,512,u64,67108864,10,24.252,0.3614,1
simde-novector,512,u64,67108864,11,24.198,0.3606,1
simde-novector,512,u64,67108864,12,24.216,0.3608,1
simde-novector,512,u64,67108864,13,24.286,0.3619,1
simde-novector,512,u64,67108864,14,24.252,0.3614,1
simde-portable,128,u64,67108864,0,24.634,0.3671,1
simde-portable,128,u64,67108864,1,24.619,0.3669,1
simde-portable,128,u64,67108864,2,24.551,0.3658,1
simde-portable,128,u64,67108864,3,24.571,0.3661,1
simde-portable,128,u64,67108864,4,24.570,0.3661,1
simde-portable,128,u64,67108864,5,24.571,0.3661,1
simde-portable,128,u64,67108864,6,24.615,0.3668,1
simde-portable,128,u64,67108864,7,24.607,0.3667,1
simde-portable,128,u64,67108864,8,24.584,0.3663,1
simde-portable,128,u64,67108864,9,24.556,0.3659,1
simde-portable,128,u64,67108864,10,24.593,0.3665,1
simde-portable,128,u64,67108864,11,24.596,0.3665,1
simde-portable,128,u64,67108864,12,24.604,0.3666,1
simde-portable,128,u64,67108864,13,24.633,0.3671,1
simde-portable,128,u64,67108864,14,24.621,0.3669,1
simde-portable,256,u64,67108864,0,24.420,0.3639,1
simde-portable,256,u64,67108864,1,24.429,0.3640,1
simde-portable,256,u64,67108864,2,24.339,0.3627,1
simde-portable,256,u64,67108864,3,24.450,0.3643,1
simde-portable,256,u64,67108864,4,24.337,0.3627,1
simde-portable,256,u64,67108864,5,24.395,0.3635,1
simde-portable,256,u64,67108864,6,24.398,0.3636,1
simde-portable,256,u64,67108864,7,24.401,0.3636,1
simde-portable,256,u64,67108864,8,24.396,0.3635,1
simde-portable,256,u64,67108864,9,24.349,0.3628,1
simde-portable,256,u64,67108864,10,24.339,0.3627,1
simde-portable,256,u64,67108864,11,24.380,0.3633,1
simde-portable,256,u64,67108864,12,24.343,0.3627,1
simde-portable,256,u64,67108864,13,24.420,0.3639,1
simde-portable,256,u64,67108864,14,24.425,0.3640,1
simde-portable,512,u64,67108864,0,27.049,0.4031,1
simde-portable,512,u64,67108864,1,27.050,0.4031,1
simde-portable,512,u64,67108864,2,27.023,0.4027,1
simde-portable,512,u64,67108864,3,27.036,0.4029,1
simde-portable,512,u64,67108864,4,27.051,0.4031,1
simde-portable,512,u64,67108864,5,27.041,0.4029,1
simde-portable,512,u64,67108864,6,27.067,0.4033,1
simde-portable,512,u64,67108864,7,27.051,0.4031,1
simde-portable,512,u64,67108864,8,27.044,0.4030,1
simde-portable,512,u64,67108864,9,27.033,0.4028,1
simde-portable,512,u64,67108864,10,27.053,0.4031,1
simde-portable,512,u64,67108864,11,27.034,0.4028,1
simde-portable,512,u64,67108864,12,27.067,0.4033,1
simde-portable,512,u64,67108864,13,27.044,0.4030,1
simde-portable,512,u64,67108864,14,27.144,0.4045,1
tsl_vla,128,u64,67108864,0,24.408,0.3637,1
tsl_vla,128,u64,67108864,1,24.414,0.3638,1
tsl_vla,128,u64,67108864,2,24.263,0.3615,1
tsl_vla,128,u64,67108864,3,24.270,0.3616,1
tsl_vla,128,u64,67108864,4,24.275,0.3617,1
tsl_vla,128,u64,67108864,5,24.288,0.3619,1
tsl_vla,128,u64,67108864,6,24.248,0.3613,1
tsl_vla,128,u64,67108864,7,24.254,0.3614,1
tsl_vla,128,u64,67108864,8,24.222,0.3609,1
tsl_vla,128,u64,67108864,9,24.210,0.3608,1
tsl_vla,128,u64,67108864,10,24.236,0.3611,1
tsl_vla,128,u64,67108864,11,24.261,0.3615,1
tsl_vla,128,u64,67108864,12,24.239,0.3612,1
tsl_vla,128,u64,67108864,13,24.238,0.3612,1
tsl_vla,128,u64,67108864,14,24.238,0.3612,1
tsl_vla,256,u64,67108864,0,23.661,0.3526,1
tsl_vla,256,u64,67108864,1,23.609,0.3518,1
tsl_vla,256,u64,67108864,2,23.624,0.3520,1
tsl_vla,256,u64,67108864,3,23.662,0.3526,1
tsl_vla,256,u64,67108864,4,23.687,0.3530,1
tsl_vla,256,u64,67108864,5,23.704,0.3532,1
tsl_vla,256,u64,67108864,6,23.723,0.3535,1
tsl_vla,256,u64,67108864,7,23.705,0.3532,1
tsl_vla,256,u64,67108864,8,23.725,0.3535,1
tsl_vla,256,u64,67108864,9,23.704,0.3532,1
tsl_vla,256,u64,67108864,10,23.693,0.3531,1
tsl_vla,256,u64,67108864,11,23.691,0.3530,1
tsl_vla,256,u64,67108864,12,23.687,0.3530,1
tsl_vla,256,u64,67108864,13,23.729,0.3536,1
tsl_vla,256,u64,67108864,14,23.729,0.3536,1
tsl_vla,512,u64,67108864,0,25.494,0.3799,1
tsl_vla,512,u64,67108864,1,25.460,0.3794,1
tsl_vla,512,u64,67108864,2,25.486,0.3798,1
tsl_vla,512,u64,67108864,3,25.476,0.3796,1
tsl_vla,512,u64,67108864,4,25.493,0.3799,1
tsl_vla,512,u64,67108864,5,25.500,0.3800,1
tsl_vla,512,u64,67108864,6,25.500,0.3800,1
tsl_vla,512,u64,67108864,7,25.556,0.3808,1
tsl_vla,512,u64,67108864,8,25.492,0.3799,1
tsl_vla,512,u64,67108864,9,25.448,0.3792,1
tsl_vla,512,u64,67108864,10,25.486,0.3798,1
tsl_vla,512,u64,67108864,11,25.500,0.3800,1
tsl_vla,512,u64,67108864,12,25.538,0.3805,1
tsl_vla,512,u64,67108864,13,25.513,0.3802,1
tsl_vla,512,u64,67108864,14,25.515,0.3802,1
