arch,method,width,driver,run,label,selectivity,bpts,btps,round,seed,start
graviton3,pivot,256,main_filter,5,"filter_byte_eq",100.00,0.085854,0.085854,5,5,2026-10-06T10:56:23+00:00
graviton3,pivot,256,main_filter,5,"filter_byte_lt",100.00,0.087542,0.087542,5,5,2026-10-06T10:56:23+00:00
graviton3,pivot,256,main_filter,5,"filter_byte_gt",100.00,0.086492,0.086492,5,5,2026-10-06T10:56:23+00:00
graviton3,pivot,256,main_filter,5,"filter_byte_ne",100.00,0.086229,0.086229,5,5,2026-10-06T10:56:23+00:00
graviton3,pivot,256,main_filter,5,"filter_byte_le",100.00,0.085219,0.085219,5,5,2026-10-06T10:56:23+00:00
graviton3,pivot,256,main_filter,5,"filter_byte_ge",100.00,0.084965,0.084965,5,5,2026-10-06T10:56:23+00:00
graviton3,pivot,256,main_filter,5,"filter_short_eq",100.00,0.069123,0.069123,5,5,2026-10-06T10:56:23+00:00
graviton3,pivot,256,main_filter,5,"filter_short_lt",100.00,0.068671,0.068671,5,5,2026-10-06T10:56:23+00:00
graviton3,pivot,256,main_filter,5,"filter_short_gt",100.00,0.068256,0.068256,5,5,2026-10-06T10:56:23+00:00
graviton3,pivot,256,main_filter,5,"filter_short_ne",100.00,0.069897,0.069897,5,5,2026-10-06T10:56:23+00:00
graviton3,pivot,256,main_filter,5,"filter_short_le",100.00,0.067390,0.067390,5,5,2026-10-06T10:56:23+00:00
graviton3,pivot,256,main_filter,5,"filter_short_ge",100.00,0.067267,0.067267,5,5,2026-10-06T10:56:23+00:00
graviton3,pivot,256,main_filter,5,"filter_int_eq",100.00,0.078570,0.078570,5,5,2026-10-06T10:56:23+00:00
graviton3,pivot,256,main_filter,5,"filter_int_lt",100.00,0.075941,0.075941,5,5,2026-10-06T10:56:23+00:00
graviton3,pivot,256,main_filter,5,"filter_int_gt",100.00,0.076415,0.076415,5,5,2026-10-06T10:56:23+00:00
graviton3,pivot,256,main_filter,5,"filter_int_ne",100.00,0.079251,0.079251,5,5,2026-10-06T10:56:23+00:00
graviton3,pivot,256,main_filter,5,"filter_int_le",100.00,0.076005,0.076005,5,5,2026-10-06T10:56:23+00:00
graviton3,pivot,256,main_filter,5,"filter_int_ge",100.00,0.077045,0.077045,5,5,2026-10-06T10:56:23+00:00
graviton3,pivot,256,main_filter,5,"filter_long_eq",100.00,0.052980,0.052980,5,5,2026-10-06T10:56:23+00:00
graviton3,pivot,256,main_filter,5,"filter_long_lt",100.00,0.040501,0.040501,5,5,2026-10-06T10:56:23+00:00
graviton3,pivot,256,main_filter,5,"filter_long_gt",100.00,0.040440,0.040440,5,5,2026-10-06T10:56:23+00:00
graviton3,pivot,256,main_filter,5,"filter_long_ne",100.00,0.041199,0.041199,5,5,2026-10-06T10:56:23+00:00
graviton3,pivot,256,main_filter,5,"filter_long_le",100.00,0.040501,0.040501,5,5,2026-10-06T10:56:23+00:00
graviton3,pivot,256,main_filter,5,"filter_long_ge",100.00,0.040575,0.040575,5,5,2026-10-06T10:56:23+00:00
graviton3,pivot,256,main_filter,5,"filter_float_eq",100.00,0.056305,0.056305,5,5,2026-10-06T10:56:23+00:00
graviton3,pivot,256,main_filter,5,"filter_float_lt",100.00,0.056071,0.056071,5,5,2026-10-06T10:56:23+00:00
graviton3,pivot,256,main_filter,5,"filter_float_gt",100.00,0.056085,0.056085,5,5,2026-10-06T10:56:23+00:00
graviton3,pivot,256,main_filter,5,"filter_float_ne",100.00,0.055443,0.055443,5,5,2026-10-06T10:56:23+00:00
graviton3,pivot,256,main_filter,5,"filter_float_le",100.00,0.056757,0.056757,5,5,2026-10-06T10:56:23+00:00
graviton3,pivot,256,main_filter,5,"filter_float_ge",100.00,0.056967,0.056967,5,5,2026-10-06T10:56:23+00:00
graviton3,pivot,256,main_filter,5,"filter_double_eq",100.00,0.047730,0.047730,5,5,2026-10-06T10:56:23+00:00
graviton3,pivot,256,main_filter,5,"filter_double_lt",100.00,0.041004,0.041004,5,5,2026-10-06T10:56:23+00:00
graviton3,pivot,256,main_filter,5,"filter_double_gt",100.00,0.041059,0.041059,5,5,2026-10-06T10:56:23+00:00
graviton3,pivot,256,main_filter,5,"filter_double_ne",100.00,0.043183,0.043183,5,5,2026-10-06T10:56:23+00:00
graviton3,pivot,256,main_filter,5,"filter_double_le",100.00,0.041165,0.041165,5,5,2026-10-06T10:56:23+00:00
graviton3,pivot,256,main_filter,5,"filter_double_ge",100.00,0.041324,0.041324,5,5,2026-10-06T10:56:23+00:00
graviton3,pivot,256,main_filter,5,"filter_char_eq",100.00,0.059925,0.059925,5,5,2026-10-06T10:56:23+00:00
graviton3,pivot,256,main_filter,5,"filter_char_lt",100.00,0.028777,0.028777,5,5,2026-10-06T10:56:23+00:00
graviton3,pivot,256,main_filter,5,"filter_char_gt",100.00,0.028861,0.028861,5,5,2026-10-06T10:56:23+00:00
graviton3,pivot,256,main_filter,5,"filter_char_ne",100.00,0.060191,0.060191,5,5,2026-10-06T10:56:23+00:00
graviton3,pivot,256,main_filter,5,"filter_char_le",100.00,0.029065,0.029065,5,5,2026-10-06T10:56:23+00:00
graviton3,pivot,256,main_filter,5,"filter_char_ge",100.00,0.028874,0.028874,5,5,2026-10-06T10:56:23+00:00
